city,region
ALBANY,NY
MONTREAL,QUEBEC 
BOSTON,MA
NEW ORLEANS,LA
BROOKLYN,NY
NEW YORK,NY
BUFFALO,NY
NEWARK,NJ
CHICAGO,IL
OMAHA,NE
CINCINNATI,OH
PITTSBURGH,PA
CLEVELAND,OH
PHILADELPHIA,PA
COLUMBUS,OH
PROVIDENCE,RI
DENVER,CO
ROCHESTER,NY
DETROIT,MI
SAN FRANCISCO,CA
HOBOKEN,NJ
TORONTO,ONTARIO
INDIANAPOLIS,IN
TOLEDO,OH
KANSAS CITY,MO
ST. PAUL,MN
LOUISVILLE,KY
ST. LOUIS, MO
LOS ANGELES,CA
SYRACUSE,NY
MILWAUKEE,WI
WASHINGTON,DC
MINNEAPOLIS,MN
ANDALUSIA,AL
ABBEVILLE,AL
ANNISTON,AL
BIRMINGHAM,AL
CULLMAN,AL
DECATUR,AL
DEMOPOLIS,AL
DOTHAN,AL
ENSLEY,AL
EUFAULA,AL
FLORALA,AL
FLORENCE,AL
FORT PAYNE,AL
GADSDEN,AL
GORDO,AL
GREENSBORO,AL
GREENVILLE,AL
HUNTSVILLE,AL
JACKSONVILLE,AL
LA FAYETTE,AL
MOBILE,AL
MONTGOMERY,AL
NEW DECATUR,AL
SELMA,AL
TALLADEGA,AL
TALLASSEE,AL
TROY,AL
TUSCALOOSA,AL
TUSKEGEE,AL
UNION SPRINGS,AL
UNIONTOWN,AL
WEST BLOCTON,AL
BENSON,AZ
BISBEE,AZ
GLOBE,AZ
JEROME,AZ
NOGALES,AZ
PHOENIX,AZ
PRESCOTT,AZ
TOMBSTONE,AZ
TUCSON,AZ
WILCOX,AZ
WILLIAMS,AZ
WINSLOW,AZ
ARKADELPHIA,AR
BATESVILLE,AR
CAMDEN,AR
CLARKSVILLE,AR
DE QUEEN,AR
EL DORADO,AR
EUREKA SPRINGS,AR
FAYETTEVILLE,AR
FORREST CITY,AR
FORT SMITH,AR
GREENWOOD,AR
HARRISON,AR
HELENA,AR
HOT SPRINGS,AR
JONESBORO,AR
LITTLE ROCK,AR
LONOKE,AR
MARIANNA,AR
NEWPORT,AR
PINE BLUFF,AR
PRESCOTT,AR
ROGERS,AR
RUSSELLVILLE,AR
VAN BUREN,AR
WYNNE,AR
ALAMEDA,CA
ANAHEIM,CA
ANTIOCH,CA
ARCATA,CA
AUBURN,CA
BAKERSFIELD,CA
BENICIA,CA
BIEBER,CA
CHICO,CA
COALINGA,CA
COLTON,CA
COVINA,CA
CRESCENT CITY,CA
EUREKA,CA
FERNDALE,CA
FRESNO,CA
GILROY,CA
GRASS VALLEY,CA
GRIDLEY,CA
HANFORD,CA
HAYWARDS,CA
HEALDSBURG,CA
HOLLISTER,CA
LONG BEACH,CA
LOS GATOS,CA
MADERA,CA
MARYSVILLE,CA
MERCED,CA
MODESTO,CA
MONTEREY,CA
NAPA,CA
NEEDLES,CA
OAKLAND,CA
ONTARIO,CA
OROVILLE,CA
PASADENA,CA
POMONA,CA
PORTERVILLE,CA
RED BLUFF,CA
REDDING,CA
REDLANDS,CA
REDWOOD CITY,CA
RIVERSIDE,CA
SACRAMENTO,CA
SALINAS,CA
SAN BERNARDINO,CA
SAN DIEGO,CA
SAN JOSE,CA
SAN LUIS OBISPO,CA
SAN RAFAEL,CA
SANTA ANA,CA
SANTA BARBARA,CA
SANTA CLARA,CA
SANTA CRUZ,CA
SANTA MARIA,CA
SANTA ROSA,CA
SAUSALITO,CA
SELMA,CA
STOCKTON,CA
TULARE,CA
VALLEJO,CA
VENTURA,CA
WEST BERKELEY,CA
WOODLAND,CA
ASPEN,CO
BOULDER,CO
CANON CITY,CO
CENTRAL CITY,CO
COLORADO SPRINGS,CO
CRIPPLE CREEK,CO
DURANGO,CO
ERIE,CO
FLORENCE,CO
FORT COLLINS,CO
GEORGETOWN,CO
GLENWOOD SPRINGS,CO
GRAND JUNCTION,CO
GREELEY,CO
LAFAYETTE,CO
LA JUNTA,CO
LEADVILLE,CO
LONGMONT,CO
LOUISVILLE,CO
LOVELAND,CO
MONTE VISTA,CO
OURAY,CO
PUEBLO,CO
ROCKY FORD,CO
SALIDA,CO
STERLING,CO
TELLURIDE,CO
TRINIDAD,CO
VICTOR,CO
ANSONIA,CT
BETHEL,CT
BRIDGEPORT,CT
BRISTOL,CT
COLLINSVILLE,CT
DANBURY,CT
DANIELSON,CT
DERBY,CT
EAST HARTFORD,CT
GREENWICH,CT
HARTFORD,CT
JEWETT CITY,CT
LITCHFIELD,CT
MERIDEN,CT
MIDDLETOWN,CT
MOOSUP,CT
MYSTIC,CT
NAUGATUCK,CT
NEW BRITAIN,CT
NEW CANAAN,CT
NEW HAVEN,CT
NEW LONDON,CT
NEW MILFORD,CT
NORWICH,CT
PUTNAM,CT
ROCKVILLE,CT
SOUTH NORWALK,CT
STAFFORD SPRINGS,CT
STAMFORD,CT
THOMASTON,CT
TORRINGTON,CT
WALLINGFORD,CT
WATERBURY,CT
WILLIMANTIC,CT
WINDSOR LOCKS,CT
WINSTED,CT
DOVER,DE
LAUREL,DE
MILFORD,DE
WILMINGTON,DE
APALACHICOLA,FL
BARTOW,FL
BROOKSVILLE,FL
DAYTONA,FL
EUSTIS,FL
FERNANDINA,FL
GAINESVILLE,FL
JACKSONVILLE,FL
JASPER,FL
KEY WEST,FL
KEY WEST,FL
KISSIMMEE,FL
LAKE CITY,FL
LAKELAND,FL
LEESBURG,FL
MILTON,FL
OCALA,FL
ORLANDO,FL
PALATKA,FL
PENSACOLA,FL
PLANT CITY,FL
QUINCY,FL
ST. AUGUSTINE,FL
ST. PETERSBURG,FL
SANFORD,FL
TALLAHASSEE,FL
TAMPA,FL
ABBEVILLE,GA
ALBANY,GA
AMERICUS,GA
ATHENS,GA
ATLANTA,GA
AUGUSTA,GA
BAINBRIDGE,GA
BARNESVILLE,GA
BRUNSWICK,GA
CARROLLTON,GA
CEDARTOWN,GA
COCHRAN,GA
COLUMBUS,GA
CORDELE,GA
COVINGTON,GA
DALTON,GA
DAWSON,GA
DUBLIN,GA
EATONTON,GA
ELBERTON,GA
FITZGERALD,GA
FORT GAINES,GA
FORT VALLEY,GA
GAINESVILLE,GA
GRIFFIN,GA
MACON,GA
MADISON,GA
MONROE,GA
MOULTRIE,GA
NEWNAN,GA
PELHAM,GA
QUITMAN,GA
ROME,GA
SANDERSVILLE,GA
SAVANNAH,GA
SPARTA,GA
TENNILLE,GA
TENNILLE,GA
THOMASVILLE,GA
VALDOSTA,GA
WARRENTON,GA
WAYCROSS,GA
WINDER,GA
BELLEVUE,ID
BLACKFOOT,ID
BOISE,ID
CALDWELL,ID
FRANKLIN,ID
IDAHO FALLS,ID
KETCHUM,ID
LEWISTON,ID
MACKAY,ID
MALAD CITY,ID
MONTPELIER,ID
MOSCOW,ID
MOUNTAIN HOME,ID
NAMPA,ID
PAYETTE,ID
POCATELLO,ID
PRESTON,ID
REXBURG,ID
SHILLEY,ID
SODA SPRINGS,ID
ST. ANTHONY,ID
SUGAR CITY,ID
WALLACE,ID
WARDNER,ID
WEISER,ID
ALTON,IL
ANNA,IL
ARCOLA,IL
ASHLEY,IL
ATHENS,IL
ATLANTA,IL
AURORA,IL
BARRY,IL
BEARDSTOWN,IL
BELLEVILLE,IL
BELVIDERE,IL
BETHANY,IL
BLOOMINGTON,IL
BOWEN,IL
BRAIDWOOD,IL
CAIRO,IL
CAMBRIDGE,IL
CANTON,IL
CARBONDALE,IL
CARLINVILLE,IL
CARROLLTON,IL
CENTRALIA,IL
CHAMPAIGN,IL
CHARLESTON,IL
CHESTER,IL
CHICAGO HEIGHTS,IL
COAL CITY,IL
COLLINSVILLE,IL
COMPTON,IL
DANA,IL
DANVILLE,IL
DECATUR,IL
DIXON,IL
DUNDEE,IL
EARLVILLE,IL
EAST ST. LOUIS,IL
EDWARDSVILLE,IL
EFFINGHAM,IL
ELGIN,IL
FAIRBURY,IL
FARMER CITY,IL
FREEPORT,IL
FULTON,IL
GALENA,IL
GALESBURG,IL
GENESEO,IL
GIBSON CITY,IL
GLASFORD,IL
GREENUP,IL
GRIGGSVILLE,IL
HARRISBURG,IL
HARVARD,IL
HOOPESTON,IL
HUTSONVILLE,IL
JACKSONVILLE,IL
JERSEYVILLE,IL
JOLIET,IL
KANKAKEE,IL
KEWANEE,IL
LA SALLE,IL
LINCOLN,IL
LITCHFIELD,IL
MACOMB,IL
MAHOMET,IL
MARENGO,IL
MARION,IL
MARISSA,IL
MARSEILLES,IL
MARSHALL,IL
MASCOUTAH,IL
MATTOON,IL
METROPOLIS,IL
MINONK,IL
MOLINE,IL
MONMOUTH,IL
MORRIS ,IL
MORRISON,IL
MOUND CITY,IL
MT. VERNON,IL
MURPHYSBORO,IL
NAPERVILLE,IL
NEWMAN,IL
NOKOMIS,IL
OAKLAND,IL
OAK PARK,IL
OLNEY,IL
ORANGEVILLE,IL
OTTAWA,IL
PALESTINE,IL
PANA,IL
PARIS,IL
PAXTON,IL
PEKIN,IL
PEORIA,IL
PERU,IL
PETERSBURG,IL
PITTSFIELD,IL
PONTIAC,IL
PRINCETON,IL
QUINCY,IL
RANTOUL,IL
ROBINSON,IL
ROCHELLE,IL
ROCK FALLS,IL
ROCKFORD,IL
ROCK ISLAND,IL
ROSSVILLE,IL
RUTLAND,IL
SALEM,IL
ST. CHARLES,IL
SHELDON,IL
SOUTH CHICAGO,IL
SPRINGFIELD,IL
SPRING VALLEY,IL
STERLING,IL
STREATOR,IL
SULLIVAN,IL
SUMNER,IL
SYCAMORE,IL
TAYLORVILLE,IL
TOLEDO,IL
TUSCOLA,IL
URBANA,IL
WASHBURN,IL
WATSEKA,IL
WAUKEGAN,IL
WEST CHICAGO,IL
WEST FRANKFORT,IL
WOODSTOCK,IL
ALBION,IN
ALEXANDRIA,IN
ANDERSON,IN
ANGOLA,IN
ATTICA,IN
AUBURN,IN
BLOOMINGTON,IN
BLUFFTON,IN
BOONVILLE,IN
BOURBON,IN
BRAZIL,IN
CAMDEN,IN
CANNELTON,IN
CARLISLE,IN
CHRISNEY,IN
CLINTON,IN
COLUMBIA CITY,IN
COLUMBUS,IN
CONNERSVILLE,IN
CORYDEN,IN
CRAWFORDSVILLE,IN
CROTHERSVILLE,IN
CROWN POINT,IN
DECATUR,IN
EAST CHICAGO,IN
ELKHART,IN
ELWOOD,IN
EVANSVILLE,IN
FARMLAND,IN
FT. WAYNE,IN
FOWLER,IN
FRANKFORT,IN
FRANKLIN,IN
GARRETT,IN
GAS CITY,IN
GOSHEN,IN
GREENCASTLE,IN
GREENFIELD,IN
GREENSBURG,IN
HAMMOND,IN
HARTFORD CITY,IN
HUNTINGBURG,IN
HUNTINGTON,IN
KENDALLVILLE,IN
KNIGHTSTOWN,IN
KNOX,IN
KOKOMO,IN
LAFAYETTE,IN
LA PORTE,IN
LEBANON,IN
LINTON,IN
LOGANSPORT,IN
MADISON,IN
MARION,IN
MARTINSVILLE,IN
MATTHEWS,IN
MEDARYVILLE,IN
MICHIGAN CITY,IN
MISHAWAKA,IN
MITCHELL,IN
MONTPELIER,IN
MOUNT VERNON,IN
MUNCIE,IN
NEW ALBANY,IN
NEWCASTLE,IN
NEW HARMONY,IN
NOBLESVILLE,IN
NORTH MANCHESTER,IN
OWENSVILLE,IN
PENNVILLE,IN
PERU,IN
PITTSBORO,IN
PLYMOUTH,IN
PORTLAND,IN
POSEYVILLE,IN
PRINCETON,IN
REDKEY,IN
REMINGTON,IN
RENSSELAER,IN
RICHMOND,IN
ROCHESTER,IN
ROCKPORT,IN
ROCKVILLE,IN
RUSHVILLE,IN
SEYMOUR,IN
SHELBYVILLE,IN
SHERIDAN,IN
SHIRLEY,IN
SOUTH BEND,IN
SPENCER,IN
TELL CITY,IN
TERRE HAUTE,IN
TIPTON,IN
UNION CITY,IN
VALPARAISO,IN
VINCENNES,IN
WABASH,IN
WARSAW,IN
WASHINGTON,IN
WINCHESTER,IN
ALBIA,IA
ALGONA,IA
ALTA,IA
ANAMOSA,IA
ANITA,IA
ARLINGTON,IA
ARMSTRONG,IA
ATLANTIC,IA
BELLE PLAINE,IA
BLAIRSTOWN,IA
BOONE,IA
BRIGHTON,IA
BRITT,IA
BURLINGTON,IA
CARSON,IA
CEDAR RAPIDS,IA
CENTERVILLE,IA
CHARITON,IA
CHARLES CITY,IA
CHEROKEE,IA
CLARINDA,IA
CLARKSVILLE,IA
CLEAR LAKE,IA
CLINTON,IA
CORNING,IA
CORRECTION VILLE,IA
COUNCIL BLUFFS,IA
CRESCO,IA
CRESTON,IA
DAVENPORT,IA
DAYTON,IA
DECORAH,IA
DENISON,IA
DES MOINES,IA
DE WITT,IA
DUBUQUE,IA
DUNLAP,IA
DYSART,IA
EAGLE GROVE,IA
ELDORA,IA
ELKADER,IA
EMMETSBURG,IA
ESTHERVILLE,IA
FAIRFIELD,IA
FORT DODGE,IA
FT. MADISON,IA
GLADBROOK,IA
GREENFIELD,IA
GRINNELL,IA
HAMPTON,IA
HARLAN,IA
HAWARDEN,IA
HUMBOLDT,IA
IDA GROVE,IA
INDEPENDENCE,IA
IOWA CITY,IA
IOWA FALLS,IA
JEFFERSON,IA
KEOKUK,IA
KINGSLEY,IA
KNOXVILLE,IA
LAKE CITY,IA
LAKE MILLS,IA
LANSING,IA
LAURENS,IA
LE MARS,IA
LENOX,IA
LINEVILLE,IA
LISBON,IA
LIVERMORE,IA
MANCHESTER,IA
MAQUOKETA,IA
MARENGO,IA
MARION,IA
MARSHALLTOWN,IA
MASON CITY,IA
MISSOURI VALLEY,IA
MITCHELLVILLE,IA
MONTICELLO,IA
MT. PLEASANT,IA
MUSCATINE,IA
NASHUA,IA
NEVADA,IA
NEW HAMPTON,IA
NEWTON,IA
OELWEIN,IA
ONAWA,IA
ORANGE CITY,IA
OSAGE,IA
OSCEOLA,IA
OSKALOOSA,IA
OTTUMWA,IA
PARKERSBURG,IA
PELLA,IA
PERRY,IA
POLK CITY,IA
RED OAK,IA
SAC CITY,IA
SHENANDOAH,IA
SIOUX CITY,IA
SIOUX RAPIDS,IA
SPENCER,IA
ST. ANSGAR,IA
STATE CENTER,IA
STRATFORD,IA
SUMNER,IA
SUTHERLAND,IA
TAMA,IA
TIPTON,IA
TOLEDO,IA
TRAER,IA
VAIL,IA
VILLISCA,IA
VINTON,IA
WAPELLO,IA
WASHINGTON,IA
WATERLOO,IA
WAUKON,IA
WAVERLY,IA
WEBSTER CITY,IA
WEST UNION,IA
WHAT CHEER,IA
WHEATLAND,IA
WOODBINE,IA
ABILENE,KS
ANTHONY,KS
ARCADIA,KS
ARKANSAS CITY,KS
ATCHISON,KS
AUGUSTA,KS
BELLEVILLE,KS
BELOIT,KS
BLUE RAPIDS,KS
BONNER SPRINGS,KS
BURLINGAME,KS
BURLINGTON,KS
CALDWELL,KS
CAWKER CITY,KS
CHANUTE,KS
CHERRYVALE,KS
CLAY CENTER,KS
CLYDE,KS
COFFEYVILLE,KS
COLUMBUS,KS
CONCORDIA,KS
DODGE CITY,KS
DOUGLASS,KS
EL DORADO,KS
ELLIS,KS
EMPORIA,KS
EUREKA,KS
FORT SCOTT,KS
FREDONIA,KS
GALENA,KS
GARDEN CITY,KS
GARNETT,KS
GIRARD,KS
GREAT BEND,KS
HAYS CITY,KS
HIAWATHA,KS
HOLTON,KS
HORTON,KS
HUMBOLDT,KS
HUTCHINSON,KS
INDEPENDENCE,KS
IOLA,KS
JUNCTION CITY,KS
KINGMAN,KS
LA HARPE,KS
LAWRENCE,KS
LEAVENWORTH,KS
LINCOLN CENTER,KS
LYONS,KS
MANHATTAN,KS
MANKATO,KS
MARYSVILLE,KS
MINNEAPOLIS,KS
MUSCOTAH,KS
NEODESHA,KS
NEWTON,KS
NORTON,KS
OBERLIN,KS
OLATHE,KS
OSAGE CITY,KS
OSWEGO,KS
OTTAWA,KS
PAOLA,KS
PARSONS,KS
PEABODY,KS
PITTSBURG,KS
RUSSELL,KS
SALINA,KS
SCAMMON,KS
SOLOMON,KS
STERLING,KS
THAYER,KS
TONGANOXIE,KS
TOPEKA,KS
WAMEGO,KS
WELLINGTON,KS
WEIR,KS
WICHITA,KS
WINFIELD,KS
YATES CENTER,KS
ASHLAND,KY
AUGUSTA,KY
BOWLING GREEN,KY
CARROLLTON,KY
CENTRAL CITY,KY
CLINTON,KY
CORBIN,KY
CYNTHIANA,KY
DANVILLE,KY
EARLINGTON,KY
ELIZABETHTOWN,KY
ELKTON,KY
EMINENCE,KY
FRANKFORT,KY
FULTON,KY
GEORGETOWN,KY
HARRODSBURG,KY
HENDERSON,KY
HOPKINSVILLE,KY
LAWRENCEBURG,KY
LEBANON,KY
LEXINGTON,KY
MADISONVILLE,KY
MAYFIELD,KY
MAYSVILLE,KY
MIDDLESBORO,KY
MILLERSBURG,KY
MORGANFIELD,KY
MT. STERLING,KY
NICHOLASVILLE,KY
OWENSBORO,KY
PADUCAH,KY
PARIS,KY
RICHMOND,KY
SHELBYVILLE,KY
SOMERSET,KY
WINCHESTER,KY
ALEXANDRIA,LA
AMITE CITY,LA
BATON ROUGE,LA
BOYCE,LA
CROWLEY,LA
DONALDSON VILLE,LA
EUNICE,LA
HOUMA,LA
FRANKLIN,LA
JENNINGS,LA
KENTWOOD,LA
LARAYETTE,LA
LAKE CHARLES,LA
MONROE,LA
MORGAN CITY,LA
NAPOLEONVILLE,LA
NATCHITOCHES,LA
NEW IBERIA,LA
OPELOUSAS,LA
RAYNE,LA
RUSTON,LA
SHREVEPORT,LA
TALLULAH,LA
THIBODAUX,LA
AUGUSTA,ME
BANGOR,ME
BAR HARBOR,ME
BATH,ME
BELFAST,ME
BIDDEFORD AND SACO,ME
BRIDGTON,ME
BRUNSWICK,ME
CALAIS,ME
CAMDEN,ME
CARIBOU,ME
DANFORTH,ME
DEERING CENTRE,ME
DEXTER,ME
DIXFIELD,ME
EASTPORT,ME
ELLSWORTH,ME
FAIRFIELD,ME
GARDNER,ME
HALLOWELL,ME
HOULTON,ME
LEWISTON AND AUBURN,ME
LIVERMORE FALLS,ME
LUBEC,ME
MACHIAS,ME
NORWAY,ME
PITTSFIELD,ME
PORTLAND,ME
PRESQUE ISLE,ME
RICHMOND,ME
ROCKLAND,ME
RUMFORD FALLS,ME
SACO,ME
SANFORD,ME
SKOWHEGAN,ME
TOGUS,ME
WATERVILLE,ME
WINTERPORT,ME
ANNAPOLIS,MD
BARTON,MD
BEL AIR,MD
BRUNSWICK,MD
CAMBRIDGE,MD
CENTREVILLE,MD
CHESTERTOWN,MD
CHURCH HILL,MD
CRISFIELD,MD
CUMBERLAND,MD
EASTON,MD
FREDERICK,MD
FROSTBURG,MD
HAGERSTOWN,MD
HAVRE DE GRACE,MD
OAKLAND,MD
POCOMOKE,MD
ROCKVILLE,MD
SALISBURY,MD
ADAMS,MA
AMESBURY,MA
AMHERST,MA
ATHOL,MA
ATTLEBORO,MA
AYER,MA
BARRE,MA
BROCKTON,MA
CAMBRIDGE,MA
CANTON,MA
CHELSEA,MA
CLINTON,MA
DANVERS,MA
EASTHAMPTON,MA
FALL RIVER,MA
FITCHBURG,MA
FRANKLIN,MA
GARDNER,MA
GLOUCESTER,MA
GREAT BARRINGTON,MA
GREENFIELD,MA
HAVERHILL,MA
HOLYOKE,MA
HUDSON,MA
HUNTINGTON,MA
HYDE PARK,MA
IPSWICH,MA
LAWRENCE,MA
LEE,MA
LEOMINSTER,MA
LOWELL,MA
LYNN,MA
MALDEN,MA
MARBLEHEAD,MA
MARLBORO,MA
MAYNARD,MA
MIDDLEBORO,MA
MILFORD,MA
MONSON,MA
NEW BEDFORD,MA
NEWBURYPORT,MA
NEWTON,MA
NORTH ADAMS,MA
NORTHAMPTON,MA
PALMER,MA
PEABODY,MA
PITTSFIELD,MA
PLYMOUTH,MA
PROVINCETOWN,MA
QUINCY,MA
ROCKLAND,MA
SALEM,MA
SCITUATE,MA
SHELBURNE FALLS,MA
SOUTH FRAMINGHAM,MA
SPENCER,MA
SPRINGFIELD,MA
STONEHAM,MA
STOUGHTON,MA
TAUNTON,MA
WAKEFIELD,MA
WALTHAM,MA
WARE,MA
WAREHAM,MA
WARREN,MA
WEBSTER,MA
WESTFIELD,MA
WILLIAMSTOWN,MA
WINCHENDON,MA
WOBURN,MA
WORCESTER,MA
ADRIAN,MI
ALBION,MI
ALLEGAN,MI
ALMA,MI
ALPENA,MI
ANN ARBOR,MI
BATTLE CREEK,MI
BAY CITY,MI
BELDING,MI
BELLEVILLE,MI
BENTON HARBOR,MI
BESSEMER,MI
BIG RAPIDS,MI
CADILLAC,MI
CALUMET,MI
CARO,MI
CHARLOTTE,MI
CHEBOYGAN,MI
CHELSEA,MI
CHESANING,MI
COLD WATER,MI
COLON,MI
CRYSTAL FALLS,MI
DOWAGIAC,MI
EAST JORDAN,MI
EATON RAPIDS,MI
ESCANABA,MI
FENTON,MI
FLINT,MI
FOWLERVILLE,MI
GAYLORD,MI
GLADSTONE,MI
GRAND HAVEN,MI
GRAND LEDGE,MI
GRAND RAPIDS,MI
GREEN VILLE,MI
HANCOCK,MI
HART FORD,MI
HASTINGS,MI
HERMANSVILLE,MI
HILLSDALE,MI
HOLLAND,MI
HOLLY,MI
HOMER,MI
HOUGHTON,MI
HUBBARDSTON,MI
HUDSON,MI
IRON MOUNTAIN,MI
IRONWOOD,MI
ISHPEMING,MI
JACKSON,MI
JONESVILLE,MI
KALAMAZOO,MI
LAKE ODESSA,MI
LANSING,MI
LAPEER,MI
LITCHFIELD,MI
LUDINGTON,MI
MANISTEE,MI
MANISTIQUE,MI
MARQUETTE,MI
MASON,MI
MENDON,MI
MENOMINEE,MI
MIDLAND,MI
MONROE,MI
MT. PLEASANT,MI
MUSKEGON,MI
NASHVILLE,MI
NEGAUNEE,MI
ONTONAGON,MI
OTSEGO,MI
OWOSSO,MI
OXFORD,MI
PETOSKEY,MI
PONTIAC,MI
PORT HURON,MI
PORTLAND,MI
RAPID RIVER,MI
REPUBLIC,MI
ROMEO,MI
SAGINAW,MI
SARANAC,MI
SAULT STE. MARIE,MI
SOUTH HAVEN,MI
SPRINGPORT,MI
STANTON,MI
ST CHARLES,MI
ST. JOHNS,MI
ST. LOUIS,MI
STURGIS,MI
TECUMSEH,MI
THREE RIVERS,MI
TRAVERSE CITY,MI
WAKEFIELD,MI
WILLIAMSTON,MI
WYANDOTTE,MI
YALE,MI
YPSILANTI,MI
ADA,MN
ALBERT LEA,MN
ALEXANDRIA,MN
ANOKA,MN
ATWATER,MN
AUSTIN,MN
BEMIDJI,MN
BLUE EARTH,MN
BRAINERD,MN
CHATFIELD,MN
CROOKSTON,MN
DETROIT CITY,MN
DODGE CENTER,MN
DULUTH,MN
FAIRMONT,MN
FARIBAULT,MN
FERGUS FALLS,MN
HASTINGS,MN
HIBBING,MN
JANESVILLE,MN
LAKE BENTON,MN
LAKE CITY,MN
LE SUEUR,MN
LITCHFIELD,MN
LITTLE FALLS,MN
MANKATO,MN
MAPLETON,MN
MARSHALL,MN
MINNEOTA,MN
MONTEVIDEO,MN
MONTICELLO,MN
NEW ULM,MN
NORTHFIELD,MN
OWATONNA,MN
PINE ISLAND,MN
PIPESTONE,MN
PLAINVIEW,MN
PRESTON,MN
RED WING,MN
RED WOOD FALLS,MN
ROCHESTER,MN
SAN BORN,MN
SAUK CENTRE,MN
SLAYTON,MN
SLEEPY EYE,MN
SPRING VALLEY,MN
STAPLES,MN
ST. CHARLES,MN
STILLWATER,MN
ST. PETER,MN
TRACY,MN
WABASHA,MN
WARREN,MN
WASECA,MN
WILLMAR,MN
WINONA,MN
WINTHROP,MN
ZUMBROTA,MN
BILOXI,MS
BROOKHAVEN,MS
CANTON,MS
CLARKSDALE,MS
COLUMBUS,MS
CORINTH,MS
DURANT,MS
GREENVILLE,MS
GREENWOOD,MS
HATTIESBURG,MS
HAZELHURST,MS
HOLLY SPRINGS,MS
JACKSON,MS
LAUREL,MS
MACON,MS
MERIDIAN,MS
NATCHEZ,MS
OXFORD,MS
PORT GIBSON,MS
RIPLEY,MS
SARDIS,MS
STARKVILLE,MS
VICKSBURG,MS
WATER VALLEY,MS
WEST POINT,MS
WINONA,MS
YAZOO CITY,MS
ALBANY,MO
APPLETON CITY,MO
AURORA,MO
BETHANY,MO
BOONVILLE,MO
BROOKFIELD,MO
BRUNSWICK,MO
BUTLER,MO
CAINSVILLE,MO
CALIFORNIA,MO
CANTON,MO
CAPE GIRARDEAU,MO
CARROLLTON,MO
CARTHAGE,MO
CARUTHERSVILLE,MO
CHARLESTON,MO
CHILLICOTHE,MO
CLINTON,MO
COLUMBIA,MO
CRYSTAL CITY,MO
LE SOTO,MO
DONIPHAN,MO
EXCELSIOR SPRINGS,MO
FAYETTE,MO
FREDERICKTOWN,MO
FULTON,MO
HANNIBAL,MO
HIGGINSVILLE,MO
HOLDEN,MO
JEFFERSON CITY,MO
JOPLIN,MO
KENNETT,MO
KIRKSVILLE,MO
LA GRANGE,MO
LAMAR,MO
LAMONTE,MO
LANCASTER,MO
LEBANON,MO
LEXINGTON,MO
LIBERAL,MO
LINNEUS,MO
LOUISIANA,MO
MACON,MO
MARCELINE,MO
MARSHALL,MO
MARYVILLE,MO
MEMPHIS,MO
MEXICO,MO
MOBERLY,MO
MONETT,MO
MONROE,MO
MONTGOMERY,MO
MONTROSE,MO
MT. GROVE,MO
NEOSHO,MO
NEVADA,MO
ODESSA,MO
ORAN,MO
PALMYRA,MO
PARIS,MO
PERRYVILLE,MO
PLEASANT HILL,MO
POPLAR BLUFF,MO
QUEEN CITY,MO
RICH HILL,MO
RICHMOND,MO
SALISBURY,MO
SEDALIA,MO
SIKESTON,MO
SLATER,MO
SPRINGFIELD,MO
STEELVILLE,MO
ST. CHARLES,MO
ST. JOSEPH,MO
SWEET SPRINGS,MO
TRENTON,MO
UNION VILLE,MO
VANDALIA,MO
VERSAILLES,MO
WARRENSBURG,MO
WEBB CITY,MO
WEST PLAINS,MO
ANACONDA,MT
BIG TIMBER,MT
BILLINGS,MT
BOZEMAN,MT
BUTTE,MT
DEER LODGE,MT
DILLON,MT
GREAT FALLS,MT
HAMILTON,MT
HELENA,MT
LEWISTOWN,MT
LIMA,MT
LIVINGSTON,MT
MISSOULA,MT
PHILLIPSBURG,MT
ALBION,NE
ALLIANCE,NE
AUBURN,NE
AURORA,NE
BEATRICE,NE
BLAIR,NE
BLOOMFIELD,NE
BROKEN BOW,NE
CENTRAL CITY,NE
CHADRON,NE
COLUMBUS,NE
CONZAD,NE
CRAWFORD,NE
CRETE,NE
DAVENPORT,NE
DAVID CITY,NE
FAIRBURY,NE
FAIRFIELD,NE
FALLS CITY,NE
FORT ROBINSON,NE
FREMONT,NE
FULLERTON,NE
GENOA,NE
GIBBON,NE
GORDON,NE
GOTHENBURG,NE
GRAND ISLAND,NE
GREELEY,NE
GREELEY CENTER,NE
HARTINGTON,NE
HARVARD,NE
HASTINGS,NE
HOLDREGE,NE
HUMPHREY,NE
KEARNEY,NE
LEXINGTON,NE
LINCOLN,NE
LOUP CITY,NE
MADISON,NE
NEBRASKA CITY,NE
NORFOLK,NE
NORTH BEND,NE
NORTH PLATTE,NE
ORD,NE
PAWNEE,NE
PIERCE,NE
PLAINVIEW,NE
PLATTSMOUTH,NE
RED CLOUD,NE
RUSHVILLE,NE
SARGENT,NE
ST. PAUL,NE
SCHUYLER,NE
SCRIBNER,NE
SEWARD,NE
SIDNEY,NE
STROMSBURG,NE
STUART,NE
SUPERIOR,NE
SUTTON,NE
WAHOO,NE
WAUSA,NE
WAYNE,NE
WEST POINT,NE
WYMORE,NE
YORK,NE
CARSON CITY,NV
CALIENTE,NV
EUREKA,NV
GOLDFIELD,NV
RENO,NV
TONOPAH,NV
VIRGINIA,NV
WELLS,NV
BERLIN,NH
BRISTOL,NH
CLAREMONT,NH
CONCORD ,NH
DOVER,NH
EXETER,NH
FRANKLIN,NH
GROVETON,NH
HINSDALE,NH
KEENE,NH
LACONIA,NH
LEBANON,NH
LISBON,NH
MANCHESTER,NH
MILFORD,NH
NASHUA,NH
NEWPORT,NH
PORTSMOUTH,NH
ROCHESTER,NH
SUNCOOK,NH
ASBURY PARK,NJ
ATLANTIC CITY,NJ
ATLANTIC HIGHLANDS,NJ
BAYONNE,NJ
BELVIDERE,NJ
BOONTON,NJ
BRIDGETON,NJ
BURLINGTON,NJ
CAMDEN,NJ
CLINTON,NJ
DOVER,NJ
ELIZABETH,NJ
FREEHOLD,NJ
FLEMINGTON,NJ
HACKENSACK,NJ
HACKETTSTOWN,NJ
HIGH BRIDGE,NJ
KEYPORT,NJ
LAKEWOOD,NJ
LAMBERTVILLE,NJ
MONTCLAIR,NJ
MORRISTOWN,NJ
MT. HOLLY,NJ
NEW BRUNSWICK,NJ
NEWTON,NJ
ORANGE,NJ
PASSAIC,NJ
PATERSON,NJ
PERTH AMBOY,NJ
PLAINFIELD,NJ
PRINCETON,NJ
RAHWAY,NJ
RED BANK,NJ
RIDGEWOOD,NJ
SALEM,NJ
SOMERVILLE,NJ
SOUTH AMBOY,NJ
SUMMIT,NJ
SUSSEX,NJ
TOMS RIVER,NJ
TRENTON,NJ
VINELAND,NJ
WASHINGTON,NJ
WILDWOOD,NJ
ALBUQUERQUE,NM
DAWSON,NM
DEMING,NM
GALLUP,NM
LAS CRUCES,NM
LAS VEGAS,NM
LORDSBURG,NM
RATON ,NM
ROSWELL,NM
SANTA FE,NM
SILVER CITY,NM
SOCORRO,NM
SPRINGER,NM
ALBION,NY
ALLEGANY,NY
AMSTERDAM,NY
ANDOVER,NY
AUBURN,NY
AUSABLE FORKS,NY
BALDWINSVILLE,NY
BATAVIA,NY
BATH,NY
BINGHAMTON,NY
BOONVILLE,NY
BROCTON,NY
CAMBRIDGE,NY
CAMDEN,NY
CANANDAIGUA,NY
CANTON,NY
CARTHAGE,NY
CATSKILL,NY
CHESTER,NY
CHITTENANGO,NY
CLAYTON,NY
CLYDE,NY
COHOES,NY
COOPERSTOWN,NY
CORINTH,NY
CORNING,NY
CORTLAND,NY
COXSACKIE,NY
CUBA,NY
DANSVILLE,NY
DELHI,NY
DEPOSIT,NY
DE RUYTER,NY
DRYDEN,NY
DUNKIRK,NY
EAST AURORA,NY
ELLENVILLE,NY
ELMIRA,NY
FISHKILL,NY
FONDA,NY
FORESTPORT,NY
FORT EDWARD,NY
FRANKFORT,NY
FREDONIA,NY
FRIENDSHIP,NY
FULTON,NY
GENEVA,NY
GLENS FALLS,NY
GLOVERSVILLE,NY
GOSHEN,NY
GOUVERNEUR,NY
GOWANDA,NY
GRANVILLE,NY
GREENPORT,NY
GREENWICH,NY
GROTON,NY
HAMILTON,NY
HAMMONDSPORT,NY
HAVERSTRAW,NY
HERKIMER,NY
HOLLEY,NY
HOOSICK FALLS,NY
HORNELL,NY
HUDSON,NY
ILION,NY
ITHACA,NY
JAMESTOWN,NY
JOHNSTOWN,NY
KEESEVILLE,NY
KINGSTON,NY
LANSINGBURGH,NY
LE ROY,NY
LIBERTY,NY
LITTLE FALLS,NY
LOCKPORT,NY
LOWVILLE,NY
LYONS,NY
LYONS FALLS,NY
MALONE,NY
MARATHON,NY
MECHANICSVILLE,NY
MEDINA,NY
MEXICO,NY
MIDDLEPORT,NY
MIDDLETOWN,NY
MINEVILLE,NY
MONTGOMERY,NY
MORAVIA,NY
MT. MORRIS,NY
NAPLES,NY
NEWARK,NY
NEW BERLIN,NY
NEWBURGH,NY
NEWPORT,NY
NEW ROCHELLE,NY
NIAGARA FALLS,NY
NORWICH,NY
NYACK,NY
OGDENSBURG,NY
OLEAN,NY
ONEIDA,NY
ONEONTA,NY
OSWEGO,NY
OSSINING,NY
OWEGO,NY
PALMYRA,NY
PATCHOGUE,NY
PEEKSKILL,NY
PENN YAN,NY
PERRY,NY
PETERSBURG,NY
PHILMONT,NY
PINE PLAINS,NY
PLATTSBURGH,NY
PORTCHESTER,NY
PORT HENRY,NY
PORT JEFFERSON,NY
PORT JERVIS,NY
PORT LEYDEN,NY
POTSDAM,NY
POUGHKEEPSIE,NY
RICHFIELD SPRINGS,NY
RIPLEY,NY
ROME,NY
RONDOUT,NY
ROSENDALE,NY
SAG HARBOR,NY
SALAMANCA,NY
SALEM,NY
SANDY CREEK,NY
SARANAC LAKE,NY
SAUGERTIES,NY
SCHENECTADY,NY
SCHUYLERVILLE,NY
SHARON SPRINGS,NY
SHUSHAN,NY
SIDNEY,NY
SILVER CREEK,NY
SODUS,NY
SOUTHAMPTON,NY
STAPLETON,NY
ST. JOHNSVILLE,NY
ST. REGIS FALLS,NY
TARRYTOWN,NY
TICONDEROGA,NY
TROY,NY
TRUMANSBURG,NY
TUCKAHOE,NY
UTICA,NY
WALDEN,NY
WALTON,NY
WARSAW,NY
WATERLOO,NY
WATERTOWN,NY
WATERVILLE,NY
WATKINS,NY
WAVERLY,NY
WAYLAND,NY
WEEDSPORT,NY
WELLSVILLE,NY
WESTFIELD,NY
WHITEHALL,NY
WHITE PLAINS,NY
WOLCOTT,NY
YONKERS,NY
ASHEBORO,NC
ASHEVILLE,NC
BEAUFORT,NC
CHARLOTTE,NC
CLINTON,NC
CONCORD,NC
DURHAM,NC
EDENTON,NC
ELIZABETH CITY,NC
FAYETTEVILLE,NC
FRANKLINTON,NC
GASTONIA,NC
GOLDSBORO,NC
GRAHAM,NC
GREENSBORO,NC
GREEN VILLE,NC
HENDERSON,NC
HENDERSON VILLE,NC
HICKORY,NC
KINSTON,NC
LAURINSBURG,NC
LEXINGTON,NC
LOUISBURG,NC
LUMBERTON,NC
MEBANE,NC
MONROE,NC
MORGANTON,NC
MT. AIRY,NC
MT. OLIVE,NC
NEW BERNE,NC
OXFORD,NC
RALEIGH,NC
RANDLEMAN,NC
ROANOKE RAPIDS,NC
ROCKINGHAM,NC
ROXBORO,NC
SALISBURY,NC
SANFORD,NC
SMITHFIELD,NC
STATESVILLE,NC
SCOTLAND NECK,NC
TARBORO,NC
WASHINGTON,NC
WELDON,NC
WILMINGTON,NC
WILSON,NC
WINSTON,NC
BISMARCK,ND
CASSELTON,ND
DICKINSON,ND
ELLANDALE,ND
FARGO,ND
GRAFTON,ND
GRAND FORKS,ND
JAMESTOWN,ND
LISBON,ND
MANDAN,ND
NORTHWOOD,ND
OAKES,ND
VALLEY CITY,ND
WAHPETON,ND
ADA,OH
AKRON,OH
ALLIANCE,OH
ARCANUM,OH
ASHLAND,OH
ASHTABULA,OH
ATHENS,OH
BARBERTON,OH
BARNESVILLE,OH
BELLAIRE,OH
BELLEFONTAINE,OH
BELLEVUE,OH
BEREA,OH
BLUFFTON,OH
BOWLING GREEN,OH
BRIDGEPORT,OH
BRYAN,OH
BUCYRUS,OH
BUTLER,OH
CADIZ,OH
CAMBRIDGE,OH
CANAL DOVER,OH
CANTON,OH
CARROLLTON,OH
CELINA,OH
CHICAGO,OH
CHILLICOTHE,OH
CIRCLEVILLE,OH
CONNEAUT,OH
CORNING,OH
COSHOCTON,OH
CROOKSVILLE,OH
CUYAHOGA FALLS,OH
DAYTON,OH
DEFIANCE,OH
DELAWARE,OH
DELPHOS,OH
EAST LIVERPOOL,OH
STRICTLY FIRST,OH
EATON,OH
ELYRIA,OH
FINDLAY,OH
FT. RECOVERY,OH
FOREST,OH
FOSTORIA,OH
FREMONT,OH
GALION,OH
GALLIPOLIS,OH
GERMANTOWN,OH
GREENFIELD,OH
GREEN VILLE,OH
HAMILTON,OH
HICKSVILLE,OH
HILLSBORO,OH
IRONTON,OH
JACKSON,OH
JAMESTOWN,OH
JEWITT,OH
JUNCTION CITY,OH
KENT,OH
LEBANON,OH
LEETONIA,OH
LEIPSIC,OH
LIMA,OH
LISBON,OH
LOGAN,OH
LONDON,OH
LORAIN,OH
MANCHESTER,OH
MANSFIELD,OH
MARIETTA,OH
MARION,OH
MARYSVILLE,OH
MASSILLON,OH
MECHANICSBURG,OH
MEDINA,OH
MIDDLETOWN,OH
MILLERSBURG,OH
MT. GILEAD,OH
MT. VERNON,OH
NAPOLEON,OH
NAVARRE,OH
NELSON VILLE,OH
NEVADA,OH
NEWARK,OH
NEW BREMEN,OH
NEW COMERSTOWN,OH
NEW LEXINGTON,OH
NEW LONDON,OH
NEW PHILADELPHIA,OH
NEW RIEGEL,OH
NEW VIENNA,OH
NILES,OH
NORTH AMHERST,OH
NORTH BALTIMORE,OH
NORWALK,OH
OTTAWA,OH
PAULDING,OH
PIQUA,OH
PLEASANT CITY,OH
POMEROY,OH
PORTSMOUTH,OH
RAVENNA,OH
SABINA,OH
SALEM,OH
SALINEVILLE,OH
SANDUSKY,OH
SHAWNEE,OH
SHELBY,OH
SOUTH CHARLESTON,OH
SPRINGFIELD,OH
SPRING VALLEY,OH
STEUBENVILLE,OH
ST. MARYS,OH
SYCAMORE,OH
TIFFIN,OH
TIPPECANOE CITY,OH
TORONTO,OH
TROY,OH
UHRICHSVILLE,OH
UPPER SANDUSKY,OH
URBANA,OH
VAN WERT,OH
WADSWORTH,OH
WAPAKONETA,OH
WARREN,OH
WASHINGTON COURTHOUSE,OH
WELLINGTON,OH
WELLSTON,OH
WELLSVILLE,OH
WILMINGTON,OH
WOOSTER,OH
XENIA,OH
YOUNGSTOWN,OH
ZANESVILLE,OH
ARDMORE,OK
BARTLESVILLE,OK
BLACKWELL,OK
BURTTISVILLE,OK
CHICKASHA,OK
COALGATE,OK
DAVIS,OK
DUNCAN,OK
DURANT,OK
ENID,OK
GUTHRIE,OK
HARTSHORNE,OK
HYDRO,OK
KINGFISHER,OK
KREBS,OK
LEHIGH,OK
MUSKOGEE,OK
NEWKIRK,OK
NORMAN,OK
OKLAHOMA CITY,OK
PAWNEE,OK
PERRY,OK
PONCACITY,OK
PRAGUE,OK
PURCELL,OK
SAPULPA,OK
STILL WATER,OK
TULSA,OK
VINITA,OK
WATONGA,OK
WYNNEWOOD,OK
ALBANY,OR
ASHLAND,OR
ASTORIA,OR
BAKER CITY,OR
CORVALLIS,OR
EUGENE,OR
HILLSBORO,OR
HUNTINGTON,OR
KELSO,OR
KLAMATH FALLS,OR
LAFAYETTE,OR
LA GRANDE,OR
MEDFORD,OR
ONTARIO,OR
OREGON CITY,OR
PENDLETON,OR
PORTLAND,OR
SALEM,OR
THE DALLES,OR
ALLENTOWN,PA
ALTOONA,PA
ARNOT,PA
ASHLAND,PA
AUSTIN,PA
AVOCA,PA
BANGOR,PA
BARNESBORO,PA
BEAVER FALLS,PA
BEAVER MEADOW,PA
BELLEFONTE,PA
BELLE VERNON,PA
BERWICK,PA
BLOOMSBURG,PA
BLOSSBURG,PA
BRADFORD,PA
BROOKVILLE,PA
BROWNSVILLE,PA
BUTLER,PA
CANTON,PA
CARBONDALE,PA
CARLISLE,PA
CHAMBERSBURG,PA
CHARLEROI,PA
CHRISTIANA,PA
CLEARFIELD,PA
COATESVILLE,PA
COCHRANTON,PA
COLUMBIA,PA
CONNELLSVILLE,PA
CORRY,PA
COUDERSPORT,PA
CURWENSVILLE,PA
DANVILLE,PA
DU BOIS,PA
EASTON,PA
EMPORIUM,PA
ERIE,PA
EVANS CITY,PA
FOREST CITY,PA
FREELAND,PA
FREEPORT,PA
GALETON,PA
GETTYSBURG,PA
GILLERTON,PA
GIRARDVILLE,PA
GREAT BEND,PA
GREENSBURG,PA
GREEN VILLE,PA
HANOVER,PA
HARRISBURG,PA
HASTINGS,PA
HAWLEY,PA
HAZLETON,PA
HONESDALE,PA
HOUTZDALE,PA
INDIANA,PA
IRWIN,PA
JEANNETTE,PA
JENKINTOWN,PA
JERMYN,PA
JERSEY SHORE,PA
JOHNSONBURG,PA
JOHNSTOWN,PA
KANE,PA
KITTANNING,PA
KUTZTOWN,PA
LANCASTER,PA
LANSFORD,PA
LATROBE,PA
LEBANON,PA
LEECHBURG,PA
LEHIGHTON,PA
LEWISBURG,PA
LEWISTOWN,PA
LILLY,PA
LOCK HAVEN,PA
MAHANOY CITY,PA
MANSFIELD,PA
MARIETTA,PA
JIM THORPE,PA
MEADVILLE,PA
MEDIA,PA
MERCER,PA
MEYERSDALE,PA
MIDDLETOWN,PA
MONESSEN,PA
MONONGAHELA,PA
MONTOURSVILLE,PA
MONTROSE,PA
MOUNT CARMEL,PA
MT. PLEASANT,PA
MT. JEWETT,PA
MUNCY,PA
MYERSTOWN,PA
NANTICOKE,PA
NEW BETHLEHEM,PA
NEWCASTLE,PA
NEW KENSINGTON,PA
NORRISTOWN,PA
NORTHUMBERLAND,PA
OIL CITY,PA
PATTON,PA
PHILLIPSBURG,PA
PHOENIXVILLE,PA
PLYMOUTH,PA
PORT ALLEGANY,PA
POTTSTOWN,PA
POTTSVILLE,PA
PUNXSUTAWNEY,PA
READING,PA
RENOVO,PA
RIDGWAY,PA
ROCHESTER,PA
SCOTTDALE,PA
SCRANTON,PA
SHAMOKIN,PA
SHARON,PA
SHEFFIELD,PA
SHENANDOAH,PA
SLATINGTON,PA
SMETHPORT,PA
SOMERSET,PA
SOUTH BETHLEHEM,PA
EAST STROUDSBURG AND STROUDSBURG,PA
SUNBURY,PA
SUSQUEHANNA,PA
TARENTUM,PA
TITUSVILLE,PA
TOWANDA,PA
TOWER CITY,PA
TUNKHANNOCK,PA
TROY,PA
TYRONE,PA
UNIONTOWN,PA
VANDERGRIFT,PA
WARREN,PA
WASHINGTON,PA
WAYNESBORO,PA
WAYNESBURG,PA
WELLSBORO,PA
WEST CHESTER,PA
WHITE MILLS,PA
WILKES-BARRE,PA
WILLIAMSPORT,PA
YORK,PA
ZELIENOPLE,PA
BRISTOL,RI
EAST GREENWICH,RI
HOPE VALLEY,RI
NEWPORT,RI
PAWTUCKET,RI
RIVER POINT,RI
WARREN,RI
WESTERLY,RI
WOONSOCKET,RI
ABBEVILLE,SC
AIKEN,SC
ANDERSON,SC
BAMBERG,SC
BELTON,SC
BLACKBURG,SC
BRANCHVILLE,SC
CAMDEN,SC
CHARLESTON,SC
CHERAW,SC
CHESTER,SC
CLINTON,SC
COLUMBIA,SC
DARLINGTON,SC
DILLON,SC
FLORENCE,SC
GAFFNEY,SC
GEORGETOWN,SC
GRANITEVILLE,SC
GREENVILLE,SC
GREENWOOD,SC
KINGSTREE,SC
LANCASTER,SC
LAURENS,SC
MARION,SC
NEWBERRY,SC
ORANGEBURG,SC
PIESMONT,SC
ROCK HILL,SC
SPARTANBURG,SC
SUMTER,SC
UNION,SC
WINNSBORO,SC
YORKVILLE,SC
ABERDEEN,SD
ARLINGTON,SD
BELLEFOURCHE,SD
BROOKINGS,SD
CLARK,SD
CUSTER,SD
DEADWOOD,SD
DELL RAPIDS,SD
FLANDREAU,SD
HOT SPRINGS,SD
HURON,SD
IPSWICH,SD
LEAD,SD
MADISON,SD
MILBANK,SD
MILLER,SD
MITCHELL,SD
PARKER,SD
PHILLIP,SD
PIERRE,SD
RAPID CITY,SD
REDFIELD,SD
SIOUX FALLS,SD
SISSETON,SD
SPEARFISH,SD
STURGIS,SD
VERMILLION,SD
VOLGA,SD
WATERTOWN,SD
WEBSTER,SD
WHITEWOOD,SD
WOONSOCKET,SD
YANKTON,SD
ATHENS,TN
BELLS,TN
BRISTOL,TN
BROWNSVILLE,TN
CHATTANOOGA,TN
CLARKSVILLE,TN
CLEVELAND,TN
COAL CREEK,TN
COLUMBIA,TN
DAYTON,TN
DYERSBURG,TN
ELIZABETHTON,TN
FAYETTEVILLE,TN
GALLATIN,TN
GREENEVILLE,TN
HARRIMAN,TN
HENDERSON,TN
HUMBOLDT,TN
JACKSON,TN
JELLICO,TN
JOHNSON CITY,TN
KNOXVILLE,TN
LEBANON,TN
LEWISBURG,TN
MEMPHIS,TN
MILAN,TN
MORRISTOWN,TN
MT. PLEASANT,TN
MURFREESBORO,TN
NASHVILLE,TN
PARIS,TN
PULASKI,TN
ROCKWOOD,TN
SHELBYVILLE,TN
SOUTH PITTSBURG,TN
SPARTA,TN
SPRINGFIELD,TN
SWEETWATER,TN
TRENTON,TN
TULLAHOMA,TN
ABILENE,TX
ALBANY,TX
ALICE,TX
ALVARADO,TX
AMARILLO,TX
ANSON,TX
AUSTIN,TX
BALLINGER,TX
BASTROP,TX
BEAUMONT,TX
BELTON,TX
BEEVILLE,TX
BON HAM,TX
BRENHAM,TX
BROWNWOOD,TX
BRYAN,TX
CALVERT,TX
CARTHAGE,TX
CLARKSVILLE,TX
CLEBURNE,TX
COLORADO CITY,TX
COLUMBUS,TX
CORSICANA,TX
DALHARDT,TX
DALLAS,TX
DECATUR,TX
DEL RIO,TX
DENISON,TX
EL PASO,TX
ENNIS,TX
FLATONIA,TX
FORNEY,TX
FORT WORTH,TX
GAINESVILLE,TX
GALVESTON,TX
GREENVILLE,TX
HALLETSVILLE,TX
HICO,TX
HILLSBORO,TX
HOUSTON,TX
KAUFMAN,TX
LA GRANGE,TX
LAMPASAS,TX
LANCASTER,TX
LAREDO,TX
LOCKHART,TX
LONGVIEW,TX
MARLIN,TX
MARSHALL,TX
MEXIA,TX
MINEOLA,TX
MINERAL WELLS,TX
NACOGDOCHES,TX
NAVASOTA,TX
ORANGE,TX
PALESTINE,TX
PARIS,TX
PILOT POINT,TX
PITTSBURG,TX
PORT ARTHUR,TX
RICHMOND,TX
SAN ANGELO,TX
SAN ANTONIO,TX
SAN MARCOS,TX
SEGUIN,TX
SHERMAN,TX
SMITHVILLE,TX
STEPHENVILLE,TX
SULPHUR SPRINGS,TX
TAYLOR,TX
TEMPLE,TX
TERRELL,TX
TEXARKANA,TX
THURBER,TX
TYLER,TX
VAN ALSTYNE,TX
VERNON,TX
VICTORIA,TX
WACO,TX
WAXAHACHIE,TX
WEATHERFORD,TX
WEST,TX
WICHITA FALLS,TX
WILLIS,TX
YOAKUM,TX
AMERICAN FORK,UT
BINGHAM CANYON,UT
BOUNTIFUL,UT
BRIGHAM,UT
COALVILLE,UT
DRAPER,UT
EPHRAIM,UT
EUREKA,UT
FAIRVIEW,UT
FARMINGTON,UT
KAYSVILLE,UT
LEHI,UT
LOGAN,UT
MAMMOTH,UT
MANTI,UT
MENDON,UT
MERCUR,UT
MIDVALE,UT
MILFORD,UT
MORONI,UT
MT. PLEASANT,UT
MURRAY,UT
NEPHI,UT
NEWHOUSE,UT
OGDEN,UT
PARK CITY,UT
PAYSON,UT
PLEASANT GROVE,UT
PROVO,UT
RICHFIELD,UT
RICHMOND,UT
SALINA,UT
SALT LAKE CITY,UT
SANDY,UT
SILVER CITY,UT
SMITHFIELD,UT
SPANISH FORK,UT
SPRING CITY,UT
SPRINGVILLE,UT
TOOELE,UT
WILLARD,UT
BARRE,VT
BELLOWS FALLS,VT
BENNINGTON,VT
BRADFORD,VT
BRATTLEBORO,VT
BURLINGTON,VT
ENOSBURG FALLS,VT
FAIR HAVEN,VT
LUDLOW,VT
NEWPORT,VT
POULTNEY,VT
RANDOLPH,VT
RUTLAND,VT
ST. ALBANS,VT
ST. JOHNSBURY,VT
WHITE RIVER JUNCTION,VT
WILMINGTON,VT
WOODSTOCK,VT
ABINGDON,VA
ALEXANDRIA,VA
BEDFORD CITY,VA
BERRYVILLE,VA
BIG STONE GAP,VA
BLACKSTONE,VA
CHARLOTTSVILLE,VA
CHRISTIANBURG,VA
COVINGTON,VA
CULPEPER,VA
DANVILLE,VA
EAST RADFORD,VA
EMPORIA,VA
FARMVILLE,VA
FREDERICKSBURG,VA
FRONT ROYAL,VA
HAMPTON,VA
HARRISONBURG,VA
KEYSVILLE,VA
LEESBURG,VA
LEXINGTON,VA
LURAY,VA
LYNCHBURG,VA
MARION,VA
MARTINSVILLE,VA
NEWPORT NEWS,VA
NORFOLK,VA
PETERSBURG,VA
POCAHONTAS,VA
PORTSMOUTH,VA
PULASKI,VA
RADFORD,VA
RICHMOND,VA
ROANOKE,VA
ROCKY MOUNT,VA
SALEM,VA
SHENANDOAH,VA
SOUTH BOSTON,VA
STAUNTON,VA
STRASBURG,VA
SUFFOLK,VA
TAZEWELL,VA
WARRENTON,VA
WEST POINT,VA
WINCHESTER,VA
WYTHEVILLE,VA
ANACORTES,WA
ABERDEEN,WA
BELLINGHAM,WA
CENTRALIA,WA
CHEHALIS,WA
COLFAX,WA
DAYTON,WA
ELLENSBURG,WA
EVERETT,WA
HOQUIAM,WA
KELSO,WA
NORTH YAKIMA,WA
OLYMPIA,WA
PORT ANGELES,WA
PORT TOWNSEND,WA
PULLMAN,WA
PUYALLUP,WA
RITZVILLE,WA
ROSLYN,WA
SEATTLE,WA
SNOHOMISH,WA
SPOKANE,WA
TACOMA,WA
VANCOUVER,WA
WALLA WALLA,WA
BECKLEY,WV
BLUEFIELD,WV
BUCKHANNON,WV
CHARLESTON,WV
CLARKSBURG,WV
DAVIS,WV
ELK GARDEN,WV
ELKINS,WV
FAIRMONT,WV
GLEN JEANE,WV
GRAFTON,WV
HAMBLETON,WV
HINTON,WV
HUNTINGTON,WV
KEYSER,WV
LEWISBURG,WV
LUMBERPORT,WV
MANNINGTON,WV
MARLINTON,WV
MARTINSBURG,WV
MORGANTOWN,WV
NEW CUMBERLAND,
NEW MARTINSVILLE,WV
NORTH FORK,WV
PARKERSBURG,WV
PARSONS,WV
PIEDMONT,WV
POINT PLEASANT,WV
RONCEVERTE,WV
SALEM,WV
ST MARYS,WV
SISTERSVILLE,WV
WELCH,WV
WELLSBURG,WV
WESTON,WV
WHEELING,WV
WILLIAMSON,WV
ANTIGO,WI
APPLETON,WI
ASHLAND,WI
BARNEVELD,WI
BELOIT,WI
BERLIN,WI
BLACK RIVER FALLS,WI
BOSCOBEL,WI
BURLINGTON,WI
CAMBRIA,WI
CHIPPEWA FALLS,WI
CLINTONVILLE,WI
CRANDON,WI
DODGEVILLE,WI
EAU CLAIRE,WI
FENNIMORE,WI
FLORENCE,WI
FOND DU LAC,WI
FORT ATKINSON,WI
FOX LAKE,WI
GALESVILLE,WI
GRAND RAPIDS,WI
GREEN BAY,WI
JANESVILLE,WI
JEFFERSON,WI
KAUKAUNA,WI
KENOSHA,WI
LA CROSSE,WI
LAKE GENEVA,WI
LANCASTER,WI
MADISON,WI
MANITOWOC,WI
MARINETTE,WI
MARSHFIELD,WI
MAUSTON,WI
MENOMONIE,WI
MERRILL,WI
MERRILLAN,WI
MINERAL POINT,WI
MONROE,WI
MT. HOREB,WI
NEENAH,WI
NEW LONDON,WI
NEW RICHMOND,WI
OCONOMOWOC,WI
OCONTO,WI
OSHKOSH,WI
PESHTIGO,WI
PLATTEVILLE,WI
PLYMOUTH,WI
PORTAGE,WI
PORT WASHINGTON,WI
PRAIRIE DU CHIEN,WI
PRINCETON,WI
RACINE,WI
REEDSBURG,WI
RHINELANDER,WI
RICHLAND CENTRE,WI
SHARON,WI
SHAWANO,WI
SHEBOYGAN,WI
SHULLSBURG,WI
SPARTA,WI
SPRING GREEN,WI
STOUGHTON,WI
SUPERIOR,WI
TOMAH,WI
TWO RIVERS,WI
WATERLOO,WI
WATERTOWN,WI
WAUKESHA,WI
WAUPUN,WI
WAUSAU,WI
WEST BEND,WI
WEYAUWEGA,WI
BUFFALO,WY
CHEYENNE,WY
DIAMONDVILLE,WY
EVANSTON,WY
GILLETTE,WY
GREEN RIVER,WY
HANNA,WY
KEMMERER,WY
LARAMIE,WY
NEWCASTLE,WY
RAWLINS,WY
ROCK SPRINGS,WY
SHERIDAN,WY
NANAIMO,BRITISH COLUMBIA
NELSON,BRITISH COLUMBIA
NEW WESTMINSTER,BRITISH COLUMBIA
REVELSTOKE,BRITISH COLUMBIA
ROSSLAND,BRITISH COLUMBIA
VANCOUVER,BRITISH COLUMBIA
VICTORIA,BRITISH COLUMBIA
WELLINGTON,BRITISH COLUMBIA
BRANDON,MANITOBA
GRISWOLD,MANITOBA
PORTAGE LA PRAIRIE,MANITOBA
WINNIPEG,MANITOBA
CAMPBELLTON,NEW BRUNSWICK
FREDERICTON,NEW BRUNSWICK
MONCTON,NEW BRUNSWICK
ST. JOHN,NEW BRUNSWICK
MEDICINE HAT,NORTHWEST TERRITORY
HALIFAX,NOVA SCOTIA
NEW GLASGOW,NOVA SCOTIA
TRURO,NOVA SCOTIA
YARMOUTH,NOVA SCOTIA
ALMONTE,ONTARIO
ARNPRIOR,ONTARIO
BARRIE,ONTARIO
BELLEVILLE,ONTARIO
BERLIN,ONTARIO
BOWMANVILLE,ONTARIO
BRANTFORD,ONTARIO
BROCKVILLE,ONTARIO
CHATHAM,ONTARIO
COBOURG,ONTARIO
COLLINGWOOD,ONTARIO
CORNWALL,ONTARIO
ELORA,ONTARIO
FOREST,ONTARIO
CAMBRIDGE,ONTARIO
GANANOQUE,ONTARIO
GODERICH,ONTARIO
GUELPH,ONTARIO
HAMILTON,ONTARIO
KEMPTVILLE,ONTARIO
KENORA,ONTARIO
KINGSTON,ONTARIO
LINDSAY,ONTARIO
LONDON,ONTARIO
MORRISBURG,ONTARIO
MT. FOREST,ONTARIO
NAPANEE,ONTARIO
NIAGARA FALLS,ONTARIO
NORTH BAY,ONTARIO
ORANGEVILLE,ONTARIO
ORILLIA,ONTARIO
OTTAWA,ONTARIO
OWEN SOUND,ONTARIO
PETERBOROUGH,ONTARIO
PETROLEA,ONTARIO
PORT HOPE,ONTARIO
SAULT STE. MARIE,ONTARIO
SARNIA,ONTARIO
STRATFORD,ONTARIO
STRATHROY,ONTARIO
ST. CATHARINES,ONTARIO
ST. THOMAS,ONTARIO
SUDBURY,ONTARIO
THORNHILL,ONTARIO
TILLSONBURG,ONTARIO
WATFORD,ONTARIO
WOODSTOCK,ONTARIO
CHARLOTTETOWN,PRINCE EDWARD ISLAND
QUEBEC,QUEBEC
SHERBROOKE,QUEBEC
ST. HENRI,QUEBEC
ST. JOHNS,QUEBEC
AGUAS CALIENTES,MEXICO
CELAYA,MEXICO
CHIHUAHUA,MEXICO
MEXICO CITY,MEXICO
CIUDAD JUAREZ,MEXICO
DURANGO,MEXICO
GUADALAJARA,MEXICO
GUADALUPE,MEXICO
GUANAJUATO,MEXICO
LAMPAZOS,MEXICO
LEON,MEXICO
MONTEREY,MEXICO
MORELIA,MEXICO
PACHUCA,MEXICO
PUEBLA,MEXICO
QUERETARO,MEXICO
SALTILLO,MEXICO
SAN LUIS POTOSI,MEXICO
SAN MIGUEL DE ALLENDE,MEXICO
TAMPICO,MEXICO
TOLUCA,MEXICO
ZACATECAS,MEXICO
CIENFUEGOS,CUBA
HAVANA,CUBA
HONOLULU,HI
